Workbook

Sheet Instructions
A1: ITC327W Project Progress and Contribution Workbook
A3: Use this workbook throughout the semester. Update it after each project phase and submit the same workbook again so that progress can be tracked over time.
A5: Sheet | B5: Purpose | D5: Evidence and Accountability Rules
A6: Project Overview | B6: Enter the group and project details. The dashboard summarises task progress automatically. | D6: 1 | E6: Every student must be assigned meaningful work in Microsoft Project.
A7: Task Progress | B7: Record planned and completed tasks, responsible students, dates, status, percentage completed and evidence. | D7: 2 | E7: Completed work must be supported by evidence such as GitHub activity, meeting records, document sections, screenshots or stakeholder communication.
A8: Individual Contributions | B8: Record the work personally completed by each student. Every entry must have evidence. | D8: 3 | E8: GitHub commits are not the only evidence. Planning, interviewing, documentation, coordination and quality review also count.
A9: Stakeholder Engagement | B9: Record meetings, calls and emails with the stakeholder and the main outcomes. | D9: 4 | E9: Do not record work as completed by a student when it was completed by someone else.
A10: Challenges & Actions | B10: Record project challenges, their effect and the corrective action taken. | D10: 5 | E10: Do not place passwords, API keys, identity numbers, private contact details or confidential records in this workbook or on GitHub.
A11: Phase Summary | B11: Provide a short summary of the phase, including achievements, outstanding work and participation concerns. | D11: 6 | E11: The confidential individual peer evaluation must be completed separately on Blackboard.
A12: Group Reflection | B12: Complete one shared reflection after each phase. Be honest and specific.
D13: Recommended Update Points
D14: Unit 1 / Phase 1 | E14: Planning, stakeholder engagement, requirements and initial SRS
D15: Phase 2 | E15: Architecture, UML, ERD and interface design
D16: Phase 3 | E16: Development, integration, testing and demonstration
D17: Final | E17: Overall project summary and final reflection

Sheet Project Overview
A1: Project Overview and Progress Dashboard
A3: Project Information | B3: Group Response | F3: Task Status | G3: Count
A4: Group name or number | B4: Group O | F4: Completed | G4: =COUNTIF('Task Progress'!H2:H101,"Completed") -> 11
A5: Project title | B5: Multi-Site and Environmental Monitoring System | F5: In Progress | G5: =COUNTIF('Task Progress'!H2:H101,"In Progress") -> 0
A6: Stakeholder or organisation | B6: Goitsemang Diane(Department of Agriculture,Plant and Science) | F6: Not Started | G6: =COUNTIF('Task Progress'!H2:H101,"Not Started") -> 0
A7: Group mentor | B7: Miss M Mbele | F7: Delayed | G7: =COUNTIF('Task Progress'!H2:H101,"Delayed") -> 0
A8: Reporting phase | B8: Unit 1 / Phase 1 | F8: Blocked | G8: =COUNTIF('Task Progress'!H2:H101,"Blocked") -> 0
A9: Reporting period | B9: 2 Weeks(18 August 2026-04 September 2026) | F9: Overdue | G9: =COUNTIF('Task Progress'!M2:M101,"Overdue") -> 0
A10: Overall status | B10: Completed
A11: Overall % complete | B11: =IFERROR(SUM('Task Progress'!I2:I101)/COUNTIF('Task Progress'!D2:D101,"<>")/100,0) -> 0.91666667 | F11: Contribution Summary | G11: Count
A12: Main achievement | B12: Completed the main Phase 1 planning and requirements activities, including stakeholder engagement, requirements gathering, SRS preparation, feasibility and risk analysis, project planning, and initial technical setup. | F12: Contribution entries | G12: =COUNTIF('Individual Contributions'!E3:E201,"?*") -> 8
A13: Main challenge | B13: Stakeholder availabilty affected the clarification of some requirements, while limited agricultural domain knowledge required the group to conduct additional research and consult agricultural professionals. | F13: Verified entries | G13: =COUNTIFS('Individual Contributions'!E3:E201,"?*",'Individual Contributions'!J3:J201,"Yes") -> 8
A14: Next planned activity | B14: Finalise the remaining Phase 1 documentation and complete Phase 1 submission and stakeholder approval before proceeding to Phase 2. | F14: Unverified entries | G14: =COUNTIFS('Individual Contributions'!E3:E201,"?*",'Individual Contributions'!J3:J201,"No") -> 0
F15: Stakeholder engagements | G15: =COUNT('Stakeholder Engagement'!A3:A102) -> 7

Sheet Task Progress
A1: Task Progress Tracker
A2: Task ID | B2: Reporting Phase | C2: Activity | D2: Task Description | E2: Assigned Student | F2: Start Date | G2: Due Date | H2: Status | I2: % Complete | J2: Evidence / Link | K2: Verified by Group | L2: Lecturer Comment | M2: Progress Flag
A3: U1-01 | B3: Unit 1 / Phase 1 | C3: Activity 1.1 | D3: Identify and confirm the external stakeholder | E3: Ayatolla Pikwa, Machedi Mamello, Tiisetso Masita, Thobani Mjiyakho,Mabasa Tyam | F3: 46252 | G3: 46252 | H3: Completed | I3: 100 | K3: Yes | M3: =IF(D3="","",IF(H3="Completed","Completed",IF(H3="Blocked","Blocked",IF(H3="Delayed","Delayed",IF(AND(G3<>"",G3<TODAY(),H3<>"Completed"),"Overdue","On Track"))))) -> Completed
A4: U1-02 | B4: Unit 1 / Phase 1 | C4: Activity 1.1 | D4: Document the current process and problem | E4: Ayatolla Pikwa, Machedi Mamello, Tiisetso Masita, Thobani Mjiyakho, Mabasa Tyam | F4: 46254 | G4: 46254 | H4: Completed | I4: 100 | K4: Yes | M4: =IF(D4="","",IF(H4="Completed","Completed",IF(H4="Blocked","Blocked",IF(H4="Delayed","Delayed",IF(AND(G4<>"",G4<TODAY(),H4<>"Completed"),"Overdue","On Track"))))) -> Completed
A5: U1-03 | B5: Unit 1 / Phase 1 | C5: Activity 1.1 | D5: Define the project aim, objectives and scope | E5: Mabasa Tyam, Ayatolla Pikwa, Machedi Mamello, Tiisetso Masita, Thobani Mjiyakho | F5: 46255 | G5: 46258 | H5: Completed | I5: 100 | K5: Yes | M5: =IF(D5="","",IF(H5="Completed","Completed",IF(H5="Blocked","Blocked",IF(H5="Delayed","Delayed",IF(AND(G5<>"",G5<TODAY(),H5<>"Completed"),"Overdue","On Track"))))) -> Completed
A6: U1-04 | B6: Unit 1 / Phase 1 | C6: Activity 1.2 | D6: Prepare stakeholder interview questions | E6: Ayatolla Pikwa, Machedi Mamello, Tiisetso Masita, Thobani Mjiyakho, Mabasa Tyam | F6: 46252 | G6: 46252 | H6: Completed | I6: 100 | K6: Yes | M6: =IF(D6="","",IF(H6="Completed","Completed",IF(H6="Blocked","Blocked",IF(H6="Delayed","Delayed",IF(AND(G6<>"",G6<TODAY(),H6<>"Completed"),"Overdue","On Track"))))) -> Completed
A7: U1-05 | B7: Unit 1 / Phase 1 | C7: Activity 1.2 | D7: Conduct and document the stakeholder interview | E7: Ayatolla Pikwa, Machedi Mamello, Tiisetso Masita, Thobani Mjiyakho,Mabasa Tyam | F7: 46253 | G7: 46253 | H7: Completed | I7: 100 | K7: Yes | M7: =IF(D7="","",IF(H7="Completed","Completed",IF(H7="Blocked","Blocked",IF(H7="Delayed","Delayed",IF(AND(G7<>"",G7<TODAY(),H7<>"Completed"),"Overdue","On Track"))))) -> Completed
A8: U1-06 | B8: Unit 1 / Phase 1 | C8: Activity 1.3 | D8: Compile the initial SRS | E8: Ayatolla Pikwa, Machedi Mamello, Tiisetso Masita, Thobani Mjiyakho, Mabasa Tyam | F8: 46255 | G8: 46259 | H8: Completed | I8: 100 | K8: Yes | M8: =IF(D8="","",IF(H8="Completed","Completed",IF(H8="Blocked","Blocked",IF(H8="Delayed","Delayed",IF(AND(G8<>"",G8<TODAY(),H8<>"Completed"),"Overdue","On Track"))))) -> Completed
A9: U1-07 | B9: Unit 1 / Phase 1 | C9: Activity 1.3 | D9: Create the initial Microsoft Project schedule | E9: Caitlin Freeman | F9: 46260 | G9: 46261 | H9: Completed | I9: 100 | K9: Yes | M9: =IF(D9="","",IF(H9="Completed","Completed",IF(H9="Blocked","Blocked",IF(H9="Delayed","Delayed",IF(AND(G9<>"",G9<TODAY(),H9<>"Completed"),"Overdue","On Track"))))) -> Completed
A10: U1-08 | B10: Unit 1 / Phase 1 | C10: Activity 1.3 | D10: Create and configure the GitHub repository | E10: NM Maphosa | F10: 46258 | G10: 46258 | H10: Completed | I10: 100 | J10: https://github.com/Nido-Maphosa86/soil-sensor-monitoring.git | K10: Yes | M10: =IF(D10="","",IF(H10="Completed","Completed",IF(H10="Blocked","Blocked",IF(H10="Delayed","Delayed",IF(AND(G10<>"",G10<TODAY(),H10<>"Completed"),"Overdue","On Track"))))) -> Completed
A11: U1-09 | B11: Unit 1 / Phase 1 | C11: Activity 1.3 | D11: Create the initial Supabase project | E11: NM Maphosa | F11: 46258 | G11: 46258 | H11: Completed | I11: 100 | J11: https://supabase.com/dashboard/project/dsejhpcdshrkpmaewbcq | K11: Yes | M11: =IF(D11="","",IF(H11="Completed","Completed",IF(H11="Blocked","Blocked",IF(H11="Delayed","Delayed",IF(AND(G11<>"",G11<TODAY(),H11<>"Completed"),"Overdue","On Track"))))) -> Completed
A12: U1-10 | B12: Unit 1 / Phase 1 | C12: Activity 1.3 | D12: Complete the progress report and contribution record | E12: GK Seiphetlho | F12: 46253 | G12: 46268 | H12: Completed | I12: 100 | K12: Yes | M12: =IF(D12="","",IF(H12="Completed","Completed",IF(H12="Blocked","Blocked",IF(H12="Delayed","Delayed",IF(AND(G12<>"",G12<TODAY(),H12<>"Completed"),"Overdue","On Track"))))) -> Completed
A13: U1-11 | B13: Unit 1 / Phase 1 | C13: Activity 1.3 | D13: Complete the Unit 1 group reflection | E13: GK Seiphetlho | F13: 46265 | G13: 46266 | H13: Completed | I13: 100 | K13: Yes | M13: =IF(D13="","",IF(H13="Completed","Completed",IF(H13="Blocked","Blocked",IF(H13="Delayed","Delayed",IF(AND(G13<>"",G13<TODAY(),H13<>"Completed"),"Overdue","On Track"))))) -> Completed
M14: =IF(D14="","",IF(H14="Completed","Completed",IF(H14="Blocked","Blocked",IF(H14="Delayed","Delayed",IF(AND(G14<>"",G14<TODAY(),H14<>"Completed"),"Overdue","On Track")))))
M15: =IF(D15="","",IF(H15="Completed","Completed",IF(H15="Blocked","Blocked",IF(H15="Delayed","Delayed",IF(AND(G15<>"",G15<TODAY(),H15<>"Completed"),"Overdue","On Track")))))
M16: =IF(D16="","",IF(H16="Completed","Completed",IF(H16="Blocked","Blocked",IF(H16="Delayed","Delayed",IF(AND(G16<>"",G16<TODAY(),H16<>"Completed"),"Overdue","On Track")))))
M17: =IF(D17="","",IF(H17="Completed","Completed",IF(H17="Blocked","Blocked",IF(H17="Delayed","Delayed",IF(AND(G17<>"",G17<TODAY(),H17<>"Completed"),"Overdue","On Track")))))
M18: =IF(D18="","",IF(H18="Completed","Completed",IF(H18="Blocked","Blocked",IF(H18="Delayed","Delayed",IF(AND(G18<>"",G18<TODAY(),H18<>"Completed"),"Overdue","On Track")))))
M19: =IF(D19="","",IF(H19="Completed","Completed",IF(H19="Blocked","Blocked",IF(H19="Delayed","Delayed",IF(AND(G19<>"",G19<TODAY(),H19<>"Completed"),"Overdue","On Track")))))
M20: =IF(D20="","",IF(H20="Completed","Completed",IF(H20="Blocked","Blocked",IF(H20="Delayed","Delayed",IF(AND(G20<>"",G20<TODAY(),H20<>"Completed"),"Overdue","On Track")))))
M21: =IF(D21="","",IF(H21="Completed","Completed",IF(H21="Blocked","Blocked",IF(H21="Delayed","Delayed",IF(AND(G21<>"",G21<TODAY(),H21<>"Completed"),"Overdue","On Track")))))
M22: =IF(D22="","",IF(H22="Completed","Completed",IF(H22="Blocked","Blocked",IF(H22="Delayed","Delayed",IF(AND(G22<>"",G22<TODAY(),H22<>"Completed"),"Overdue","On Track")))))
M23: =IF(D23="","",IF(H23="Completed","Completed",IF(H23="Blocked","Blocked",IF(H23="Delayed","Delayed",IF(AND(G23<>"",G23<TODAY(),H23<>"Completed"),"Overdue","On Track")))))
M24: =IF(D24="","",IF(H24="Completed","Completed",IF(H24="Blocked","Blocked",IF(H24="Delayed","Delayed",IF(AND(G24<>"",G24<TODAY(),H24<>"Completed"),"Overdue","On Track")))))
M25: =IF(D25="","",IF(H25="Completed","Completed",IF(H25="Blocked","Blocked",IF(H25="Delayed","Delayed",IF(AND(G25<>"",G25<TODAY(),H25<>"Completed"),"Overdue","On Track")))))
... M101: =IF(D101="","",IF(H101="Completed","Completed",IF(H101="Blocked","Blocked",IF(H101="Delayed","Delayed",IF(AND(G101<>"",G101<TODAY(),H101<>"Completed"),"Overdue","On Track")))))

Sheet Individual Contributions
A1: Individual Contribution Record
A2: Student Name | B2: Student Number | C2: Reporting Phase | D2: Activity | E2: Assigned Responsibility | F2: Work Personally Completed | G2: Date Completed | H2: Hours Spent | I2: Evidence / Link | J2: Verified by Group | K2: Verification Date | L2: Notes
A3: Maphosa NM | B3: 223039784 | C3: Unit 1 / Phase 1 | D3: Tech Lead/ SRS compiler/ Full-Stack Development | E3: Creates, and manages the Github repository and Supabase account | F3: Created the Github and supabase repository and helped complete final SRS, Collecting Evidence | G3: 46237 | H3: 18 hours | I3: https://github.com/Nido-Maphosa86/soil-sensor-monitoring.git https://supabase.com/dashboard/project/dsejhpcdshrkpmaewbcq | J3: Yes | K3: 46268
A4: Freeman C | B4: 224097774 | C4: Unit 1 / Phase 1 | D4: Project Manager/ Frontend developer | E4: Creates and manages the Microsoft Project file | F4: Created and Managed the Microsoft Project Schedule | G4: 46261 | H4: 16 hours | J4: Yes | K4: 46268
A5: Pikwa A | B5: 224135694 | C5: Unit 1 / Phase 1 | D5: SRS Compiler/ Designer | E5: Formally documents the stakeholder's response, Maintains the change log and the open-question list | F5: Identified requirements, managed change log, and helped create the SRS | G5: 46259 | H5: 16 hours | J5: Yes | K5: 46268
A6: Tyam M | B6: 222056708 | C6: Unit 1 / Phase 1 | D6: Backend developer/ Frontend Design | E6: Record minutes, decisions and actions and document meetings | F6: Lead the stakeholder interview, reviewed SRS and kept track of meetings | G6: 46265 | H6: 15 hours | J6: Yes | K6: 46268
A7: Mjiyakho T | B7: 222088478 | C7: Unit 1 / Phase 1 | D7: SRS Compiler/ Software Developer | E7: Document the feasibility study of the project | F7: Identified and created the feasibility | G7: 46261 | H7: 16 hours | J7: Yes | K7: 46268
A8: Machedi M | B8: 222001607 | C8: Unit 1 / Phase 1 | D8: SRS Compiler | E8: Compile and document the Project Scope | F8: Helped create the SRS | G8: 46261 | H8: 16 hrs | J8: Yes | K8: 46268
A9: Masita T | B9: 223043636 | C9: Unit 1 / Phase 1 | D9: SRS Compiler Frontened developer | E9: Document the possible risks in the Risk Register | F9: Identified and created the risk manager | G9: 46260 | H9: 15 hrs | J9: Yes | K9: 46268
A10: Seiphetlho GK | B10: 224130045 | C10: Unit 1 / Phase 1 | D10: Frontend Developer | E10: Creates and manages the Progress Tracker | F10: Kept track and managed the progress tracker | G10: 46268 | H10: 16 hrs | J10: Yes | K10: 46268

Sheet Stakeholder Engagement
A1: Stakeholder Engagement Record
A2: Date | B2: Reporting Phase | C2: Type of Engagement | D2: Purpose | E2: Students Present | F2: Stakeholder Present / Role | G2: Main Findings | H2: Action Required | I2: Evidence / Link
A3: 46252 | B3: Unit 1 / Phase 1 | C3: Meeting | D3: Identifying and Confirming Stakeholder | E3: Yes | F3: Yes | G3: Agriculutural stakeholders need reliable and understandable information about soil and environmental conditions at different locations. The Stakeholder was identified and confirmed, and the group established the stakeholder's involvement in the project. | H3: Confirm stakeholder details and proceed with requirements gathering and project discussions. | I3: {meeting minutes}
A4: 46253 | B4: Unit 1 / Phase 1 | C4: Meeting | D4: Discussing the current process and the problem | E4: Yes | F4: Yes | G4: The current process and the problem to be addressed by the proposed soil monitoring system were discussed. The group gained a clearer understanding of the existing process and stakeholder needs. | H4: Document the current process and problem statement and use the findings to guide requirements gathering. | I4: {meeting minutes}
A5: 46254 | B5: Unit 1 / Phase 1 | C5: Email | D5: Shared requirements | E5: Yes | F5: Yes | G5: The Stakeholder provided the requirements document for the project. | H5: Review the requirements and identify areas requiring clarification or follow-up questions. | I5: {Stakeholder email screenshot/ requirement doc}
A6: 46260 | B6: Unit 1 / Phase 1 | C6: Email | D6: Follow-up questions issued to stakeholder | E6: Yes | F6: Yes | G6: Follow-up questions were sent to clarify requirements and address uncertainties and identified during the review of the stakeholder's information. | H6: Await and review the stakeholder's responses and update the project documentation accordingly. | I6: {Email of the follow-up questions}
A7: 46262 | B7: Unit 1 / Phase 1 | C7: Email | D7: Stakeholder responses received | E7: Yes | F7: Yes | G7: Responses of the follow-up questions were received, providing clarification on the project requirements and helping the group refine its understanding of the system. | H7: Update and finalise the relevant project documentation based on the confirmed responses. | I7: {stakeholder response email}
A8: 46264 | B8: Unit 1 / Phase 1 | C8: Email | D8: Confirmation of Findings | E8: Yes | F8: Yes | G8: The group sent the documented findings to the stakeholder for confirmation to ensure that the information captured from the engagement was accurate. | H8: Incorporate any corrections or confirmation received from the stakeholder into the final documentation/ SRS. | I8: {Confirmation email}
A9: 46268 | B9: Unit 1 / Phase 1 | C9: Email | D9: Findings Approved and Requirements approved | E9: Yes | F9: Yes

Sheet Challenges & Actions
A1: Challenges and Corrective Actions
A2: Date Identified | B2: Reporting Phase | C2: Challenge | D2: Effect on Progress | E2: Corrective Action | F2: Responsible Student | G2: Target Date | H2: Status
A3: 46253 | B3: Unit 1 / Phase 1 | C3: The group had limited agricultural domain knowledge, particularly regarding soil samples,soil measurements, and the interpretation of the values produced by soil monitoring. | D3: The group could not confidently interpret the soil-related information independently, which required additional research and consultation before finalising certain requirements and system considerations. | E3: The group conducted a research to improve its understanding of soil monitoring and the meaning of relevant measurements. The information obtained will be used to validate the project requirements and guide the system design. | F3: Mjiyakho T | G3: 46254 | H3: Resolved
A4: 46258 | B4: Unit 1 / Phase 1 | C4: A challenge that we faced was our stakeholder being unavailable for consultations on the week of 24 - 28 August, which limited our ability to obtain clarification on some project requirements. | D4: The group could not confidently interpret the soil-related information independently, which required additional research and consultation before finalising certain requirements and system considerations. | E4: The group compiled and sent questions to the stakeholder in advance and use written communication where possible. Important requirements and decisions will be confirmed and documented before proceeding with related tasks. | F4: Maphosa NM | G4: 46261 | H4: Resolved

Sheet Phase Summary
A1: Phase Progress Summary
A3: Summary Information | B3: Group Response | D3: Phase Completion Checklist
A4: Reporting phase | B4: Unit 1 / Phase 1 | D4: Initial or updated SRS completed | E4: Yes
A5: Reporting period | B5: 2 Weeks(18 August 2026-04 September 2026) | D5: Progress report updated | E5: Yes
A6: Overall phase status | B6: Completed | D6: Individual contributions recorded | E6: Yes
A7: What was completed during this phase? | B7: During phase 1, The group completed the main planning and documentation activities, including requirements gathering, stakeholder engagement , SRS preparation, project planning, risk identification, task allocation, and initial technical planning. We also clarified the stakeholder's requirements and priorities through follow-up discussions and written questions. | D7: Stakeholder engagement recorded | E7: Yes
A8: What remains incomplete? | B8: Some technical and design aspects remain to incomplete, particularly the systen design,databse structure, and development-related activities. | D8: Challenges and actions updated | E8: Yes
A9: Why is it incomplete? | B9: These activities remains incomplete because some requirements and technical information were still being clarified during phase 1so they will be completed in the upcoming phases. | D9: Group reflection completed | E9: Yes
A10: Which contributions were particularly important? | B10: Stakeholder engagement, requirements gathering, SRS preparation, research, project planning, and task coordination were particularly important. The written follow-up questions and the contributions of members responsible for different documentation and technical areas helped the group establish a clearer understanding of the project and its requirements. | D10: Microsoft Project updated | E10: Yes
A11: Were there participation concerns? | B11: There were no major participation concerns. Overall, members contributed to the Phase 1 activities and were willing to support one another. However, the group identified opportunities to improve consistency in communication, task updates, and meeting internal deadlines. | D11: GitHub evidence available | E11: Yes
A12: What will the group improve in the next phase? | B12: The group could improve its working process by establishing clearer deadlines and responsibilities from the beginning of each phase. Members should communicate progress more consistently and provide updates early when they experience difficulties. | D12: Confidential peer check completed | E12: Yes
A13: Main priority for the next phase | B13: The group's highest priority should be translating the refined requirements and SRS into a clear system design and stable database structure.The group should also prioritise staying on top of communication deadlines, stakeholder requirements and responsibilities.

Sheet Group Reflection
A1: Group Reflection
A3: Reflection Information | B3: Group Response | D3: Reflection Guidance
A4: Reporting phase | B4: Unit 1 / Phase 1 | D4: Length | E4: Approximately 300–400 words in total.
A5: Project title | B5: Multi-Site and Environmental Monitoring System | D5: Focus | E5: Discuss the group’s actual experience, not the activity instructions.
A6: Most important learning from this phase | B6: During phase 1, the group learned the importance of proper planning, documentation, teamwork, communication and requirements gathering before beginning development. We learned that project documentation helps organise the work, although creating and maintaining it can be challenging. The group also gained better understanding of identifying risks early, breaking a project into manageable tasks and developing a realistic timeline using Microsoft project. A major learning point was the importance of understanding stakeholder requirements rather than making assumptions. Through Stakeholder engagement, we learned that requirements may not always be complete or clear during the first discussion and that follow-up questions are important for clarifying uncertainties. | D6: Honesty | E6: Identifying a genuine challenge will not disadvantage the group when an improvement action is provided.
A7: What went well and why? | B7: The group worked well together by sharing responsibilities and supporting one another to complete the required phase 1 activities. Task allocation helped prevent members from working unnecessarily on the same activities, while assigning responsibility for specific deliverables ensured that important tasks had an owner. Research and requirements planning went well. The group was able to engage with the stakeholder, ask follow-up questions, and obtain information that helped clarify the project requirements. Written follow-up questions were particularly useful because they provided clear answers that could be used as evidence when developing the documentation. | D7: Evidence | E7: Ensure that claims about participation agree with the contribution record, Microsoft Project and GitHub.
A8: What was difficult and why? | B8: One of the main challenging parts was creating the SRS, particularly because some information had to be obtained from the stakeholder. There were difficulties in clearly determining who was responsible for certain sections of the SRS, which created some communication challenges. Another challenge was the stakeholder availability. At times, the stakeholder was unavailable, which meant some questions could not be answered immediately and contributed to delays in finalising certain documents. | D8: Research use | E8: Student work may only be used for research after the required ethical approval and consent processes.
A9: How were tasks divided among members? | B9: Task were divided according to the responsibilities required for Phase 1, as well as members strength, availability, and areas of comfort. The group ensured that tasks were assigned so that no major activity was left without an answer.
A10: Did all members contribute fairly? Explain. | B10: Overall, the group felt that members contributed fairly to phase 1. each member was assigned responsibilities that contributed to the completion of the required work, and members were willing to assist one another when necessary.
A11: How did the group handle disagreements or delays? | B11: The group generally handled differences and misunderstanding through discussions and meetings. When issues arose, members discussed possible solutions and worked towards an agreement that supported the project's requirements and constraints.
A12: What did the group learn from the stakeholder? | B12: We learned that the project should be based on the actual needs and requirements rather than assumptions made by the development team. The stakeholder helped the group better understand the problem the system is intended to address and clarify important requirements and priorities.
A13: Improvement action 1 for the next phase | B13: The group could improve its working process by establishing clearer deadlines and responsibilities from the beginning of each phase. Members should communicate progress more consistently and provide updates early when they experience difficulties.
A14: Improvement action 2 for the next phase | B14: The second improvement action is to improve internal communication through more regular progress updates. The group should check in with one another regularly to identify challenges before they become major issues.
A15: Priority for the next phase | B15: The group's highest priority should be translating the refined requirements and SRS into a clear system design and stable database structure.The group should also prioritise staying on top of communication deadlines, stakeholder requirements and responsibilities.
